Phase,Model,Energy_kWh,CO2_kg,Water_liters
Training,RandomForest,0.01277522775861952,0.005110091103447808,0.010220182206895616
Training,Ridge,0.0001223954889509413,4.895819558037653e-05,9.791639116075306e-05
Inference,RandomForest,18250.0,7300.0,14600.0
Inference,Ridge,91.25,36.5,73.0
