Id,GreenScore
TS001,0.955427802200431
TS002,0.6567079836106563
TS003,0.955427802200431
